ACCESSION,Ligand sequence,HLA allele
L000001,TPIVHLKGDANTLKCLRYRFKKHCTLYTAV,DR1
L000002,TPIVHLKGDANTLKCLRYRFKKHCTLYTAV,DR2
L000003,TPIVHLKGDANTLKCLRYRFKKHCTLYTAV,DR3
L000004,LRYRFKKHCTLYTAVSSTWHWTGHNVKHKS,DR1
L000005,LRYRFKKHCTLYTAVSSTWHWTGHNVKHKS,DR2
L000006,LRYRFKKHCTLYTAVSSTWHWTGHNVKHKS,DR4
L000007,SSTWHWTGHNVKHKSAIVTLTYDSEWQRDQ,DR1
L000008,SSTWHWTGHNVKHKSAIVTLTYDSEWQRDQ,DR2
L000009,SSTWHWTGHNVKHKSAIVTLTYDSEWQRDQ,DR3
L000010,AIVTLTYDSEWQRDQFLSQVKIPKTITVSTGFMSI,DR1
L000011,AIVTLTYDSEWQRDQFLSQVKIPKTITVSTGFMSI,DR2
L000012,AIVTLTYDSEWQRDQFLSQVKIPKTITVSTGFMSI,DR3
L000013,AIVTLTYDSEWQRDQFLSQVKIPKTITVSTGFMSI,DR4
L000014,FNSSHKGRINCNSNTTPIVHLKGDANTLKC,DR1
L000015,FNSSHKGRINCNSNTTPIVHLKGDANTLKC,DR2
L000016,FNSSHKGRINCNSNTTPIVHLKGDANTLKC,DR3
L000017,FAFRDLCIV,A2
L000018,HLDKKQRFH,A3
L000019,GTTLEQQYNK,A11
L000020,TTLEQQYNK,A3
L000021,TTLEQQYNK,A11
L000022,IVYRDGNPY,A3
L000023,IVYRDGNPY,A11
L000024,LLIRCINCQK,A3
L000025,LLIRCINCQK,A11
L000026,IILECVYCK,A11
L000027,AVCDKCLK,A11
L000028,CYSLYGTTL,A24
L000029,RFHNIRGRW,A24
L000030,DKCLKFYS,A24
L000031,ISEYRHYCY,A1
L000032,ISEYRHYCY,A11
L000033,YSKISEYRHY,A1
L000034,KLPQLCTEL,A2
L000035,AMFQDPQER,A3
L000036,AMFQDPQER,A11
L000037,FQDPQERPRK,A11
L000038,HGDTPTLHEY,A1
L000039,ETTDLYCYE,A1
L000040,TLGIVCPIC,A2
L000041,GTLGIVCPI,A2
L000042,MLDLQPETT,A2
L000043,GIVCPICSQK,A11
L000044,RAHYNIVTF,A24
L000045,YMLDLQPETT,A*0201