ACCESSION,Epitope sequence,HLA allele
T000001,TLLQQYCLYL,A*0201
T000002,LLQQYCLYL,A2
T000003,AKRLDACQDQLLE,DRB1*0301
T000004,PIVQLQGDSNCLKCFR,DRB1*0102
T000005,PIVQLQGDSNCLKCFR,DRB1*0301
T000006,SSTWHWTGHNVKHKS,DRB1*1502
T000007,LYTAVSSTWHWTGHN,DQ6
T000008,FLSQVKIPKT,DR15
T000009,KIPKTITVSTGFMSI,DR1
T000010,ALQAIELQL,A*0201
T000011,TLQDVSLEV,A*0201
T000012,YICEEASVTV,A*0201
T000013,AIVTLTYDSEWQRDQFLSQVKIPKTITVSTGFMSI,DR
T000014,FNSSHKGRINCNSNTTPIVHLKGDANTLKC,DR
T000015,LRYRFKKHCTLYTAVSSTWHWTGHNVKHKS,DR
T000016,SSTWHWTGHNVKHKSAIVTLTYDSEWQRDQ,DR
T000017,TPIVHLKGDANTLKCLRYRFKKHCTLYTAV,DR
T000018,LYCNVSSTWHWTSND,DQ6
T000019,LYEQVSSTWHWTCTD,DQ6
T000020,LYSSMSSTWHWTSDN,DQ6
T000021,HYSEISSTWHWTGCN,DQ6
T000022,FLLCFCVLL,A*0201
T000023,VLLCVCLLI,A*0201
T000024,VLLLWITAA,A*0201
T000025,YIIFVYIPL,A*0201
T000026,EKLKHILGKARFIKLN,DRB1*0102
T000027,KVLIRCYLC,A*0201
T000028,SIDQLCKTF,A*0201
T000029,TIHDIILECV,A*0201
T000030,TIHDIILEC,B*4801
T000031,HDIILECV,B*4002
T000032,FAFRDLCIVY,B35
T000033,FAFRDLCIVY,B57
T000034,DKKQRFHNIRGRWTG,DRB1*01
T000035,VYDFAFRDL,A*2402
T000036,KFYSKISEY,A24
T000037,YGTTLEQQYN,A24
T000038,KQRFHNIRGR,DR*07
T000039,GRWTGRCMSC,B27
T000040,SSRTRRETQL,B14
T000041,CVYCKQQLLRREVYDFAFRDLCIVYRDGNPYA,DP*0201
T000042,YRDGNPYAVCDKCLKFYSKISE,DP*0101
T000043,YRDGNPYAVCDKCLKFYSKISE,DP*1401
T000044,TTLEQQYNKPLCDLLIRCINCQK,DR15
T000045,TTLEQQYNKPLCDLLIRCINCQK,DP*0401
T000046,YGTTLEQQYNKPLCDLLIRCIN,DQ*05
T000047,KPLCDLLIRCINCQKPLCPEEK,DQ*06
T000048,EKQRHLDKKQRFHNIRGRWTGR,DP*0201
T000049,EKQRHLDKKQRFHNIRGRWTGR,DQ*05
T000050,ISEYRHYCY,B18
T000051,QERPRKLPQL,B7
T000052,DPQERPRKLPQLCTELQTTIHD,DP*17
T000053,DPQERPRKLPQLCTELQTTIHD,DP*1401
T000054,CYSLYGTTL,A*2402
T000055,FAFRDLCIV,A*0201
T000056,KFYSKISEY,B62
T000057,KLPQLCTEL,A*0201
T000058,LLIRCINCQK,A11
T000059,LQTTIHDII,A*0201
T000060,PYAVCDKCL,A*2402
T000061,HNIRGRWTGR,A*6801
T000062,EKQRHLDKKQRFHNI,DR
T000063,EYRHYCYSL,A*2402
T000064,QYNKPLCDLL,A24
T000065,ELQTTIHDIILECVY,A2
T000066,QYNKPLCDL,A*2402
T000067,RDLCIVYRDGNPYAVCDKCLKFYSKISEYRHY,DP
T000068,DKCLKFYSKISEYRHYCYSLYG,DP
T000069,KQQLLRREVYDFAFRDLCIVYR,DP
T000070,CLKFYSKISEYRHYCYSLYGTTLEQQYNKPLCD,DP
T000071,PLCDLLIRCINCQKPLCPEEKQ,DQ
T000072,RWTGRCMSCC,B27
T000073,KLPDLCTEL,A*0201
T000074,DLFVVYRDSIPHAACHKCIDFY,DQ*0301
T000075,FYSRIRELRHYSDSVYGDTLEK,DQ*0501
T000076,KCIDFYSRI,A*0201
T000077,LFVVYRDSIPHAACH,DR*03 and DR*16
T000078,GLYNLLIRCLRCQKP,DR*08 and DR*16
T000079,LFVVYRDSIP,DRB1*03
T000080,LFVVYRDSIP,DRB1*16
T000081,EVFEFAFKDLFVVYR,DRB1*15
T000082,KTVLELTE,A*0201
T000083,ELTEVFEFA,A*0201
T000084,CLRCQKPLNPAEKLR,DR
T000085,DIEITCVYCKTVLEL,DR
T000086,FAFKDLFVV,A*0201
T000087,FKDLFVVYRDSIPHA,DR
T000088,KLTNTGLYNL,A*0201
T000089,KTVLELTEV,A*0201
T000090,LQDIEITCV,A*0201
T000091,SLQDIEITCV,A*0201
T000092,NLLIRCLRC,A*0201
T000093,ILIRCIICQ,A2
T000094,KCLNEILIR,A11
T000095,KVCLRLLSK,A11
T000096,RLVTLKDIV,A2
T000097,DLLLGTLNI,A*0201
T000098,LLLGTLNIV,A*0201
T000099,LQPPDPVGL,A*0201
T000100,PLTQHYQIL,A*0201
T000101,TLKDIVLDL,A*0201
T000102,TLHEYMLDL,A*0201
T000103,TLHEYMLDL,B48
T000104,TLHEYMLDL,B8
T000105,LEDLLMGTL,B60
T000106,STHVDIRTLEDLLMG,DQB1*0201
T000107,LLMGTLGIV,A*0201
T000108,TLGIVCPI,A*0201
T000109,QAEPDRAHY,B18
T000110,EDEIDGPAGQAEPDRA,DQ2
T000111,GQAEPDRAHYNIVTFCCKCDSTLRLCVQSTHVDIR,DR3
T000112,AHYNIVTFCCKCD,DR15
T000113,MHGDTPTLHEYM,DR4 or DR15
T000114,HYNIVTFCCKCDSTLRLCVQST,DP*1901
T000115,DSTLRLCVQSTHVD,DR4 od DR15
T000116,IRTLEDLLMGT,DR12
T000117,LCVQSTHVDIRTLEDLLMGTLGIVCPICSQKP,MHC II
T000118,RAHYNIVTF,A*0201
T000119,CDSTLRLCVQSTHVDIRTLE,DRB1*0901
T000120,TPTLHEYMLDLQPE,MHC II
T000121,VQSTHVDIRTLEDLLMGT,MHC II
T000122,GQAEPDRAHYNIVTFCCKCDSTLRLCVQSTHVDI,DR3
T000123,DLYCYEQLNDSSEEEDEIDGPA,DR4
T000124,PETTDLYCYEQLNDSSEEEDEI,MHC II
T000125,YMLDLQPET,A*0201
T000126,DRAHYNIVTFCCKCD,DR15
T000127,GIVCPICSQK,A11
T000128,GTLGIVCPI,A*0201
T000129,HVDIRTLED,A2
T000130,MLDLQPETT,A*0201
T000131,TLGIVCPIC,A*0201
T000132,YMLDLQPETT,A*0201
T000133,DLLMGTLGIVCPICSQKP,DRB1*0901
T000134,CCKCDSTL,B8
T000135,CCKCDSTLRLC,DR17
T000136,MHGDTPTLHEYMLDL,A2
T000137,LMGTLGIVCPI,A*2402
T000138,CDSTLRLCV,A*2402
T000139,LCVQSTHVDI,A*2402
T000140,TPTLHEYMLDLQPET,A2
T000141,TLQDIVLHL,A*0201
T000142,IPVDLLCHEQLSDSEEENDEID,DQ*0302
T000143,MHGPKATLQDIVLHLEPQNEIPVDLLCHEQLS,DQ*0302
T000144,MHGPKATLQDIVLHLEPQNEIPVDLLCHEQLS,DQ*0308
T000145,QLFLNTLSFV,A2
T000146,FQQLFLNTL,A*0201
T000147,LFLNTLSFVCPWCASQQ,A*0201
T000148,PQRHTMLCMCCKCEARIKLV,A*0201
T000149,SEEENDEIDGVNHQHLPARR,A*0201
T000150,LFLNTLSFV,A*0201
T000151,MHGPKATLQDIVLHLEPQNEIP,DQ
T000152,QLFLSTLSFV,A2
T000153,YILDLQPETT,A*0201
T000154,CTIVCPSCA,A11
T000155,LFMDSLNFVCPWC,DR4
T000156,DTYRYVQSQAITCQK,DRB1*0101
T000157,RVFKVVLPDPNKFAL,DRB1*0401
T000158,AMNFADLQTNKSDVP,DRB1*0401
T000159,SIYVHTPSGSLVSSE,DRB1*0401
T000160,SIYVHTPSGSLVSSE,DRB1*0701
T000161,TNIFYHASSSRLLAV,DRB1*0701
T000162,ELITSVIQDGDMVDT,DRB1*0701
T000163,SAEVMAYIHTMNPSV,DRB1*0701
T000164,DTYRYVQSQAITCQK,DRB1*0701
T000165,DPYGDRLFFYLRKEQMFAR,DRB1*1302
T000166,YKEYMRHVEEFDLQF,DQB1*02
T000167,DPYGDRLFFYLRKEQ,DQB1*0301
T000168,FNKPYWLQKAQGHNN,DQB1*0602
T000169,LFFYLRKEQ,DRB1*1302
T000170,IHSMNSTIL,B*3901
T000171,PPVPVSKVVSTDEYVARTNIYYHA,DRB1*04
T000172,VSGLQYRVFRIHLPDP,DRB1*03
T000173,ICWGNQLFV,A*0201
T000174,KYTFWEVNL,A24
T000175,YTFWEVNLK,A11
T000176,IHSMNSSIL,B*3901
T000177,VSAYQYRVFRVQLPDP,DR4Dw4
T000178,NVFPIFLQM,Cw4
T000179,RVRLPDPNK,A11
T000180,AVPDDLYIK,A11
T000181,TSESQLFNK,A11
T000182,EQMFVRHLFNRAGTVG,DRB1*07
T000183,FQQLFLSTL,A*0201
T000184,HYCYSVYGTTLEQQY,DR
T000185,ATEVRTLQQ,A11
T000186,LCINSTATE,A11
T000187,VYDFAFQDL,A24
T000188,IGGRVHFFKDISPIA,DRB1*0403
T000189,IGGRVHFFKDISPIA,DRB1*1501
T000190,CVYCKTVLELTEVPAV,DR
T000191,TVIQDGDMVHTGFGAMDFTTLQANKS,DRB1*04