Gene,HLA Allele,Mutated Epitope,Native Epitope,Mutated IC50,Native IC50
ECGF-1,B*07:02,RPHAIRRPLAL,RPRAIRRPLAL,3,2
ME-1,A*02:01,FLDEFMEGV,FLDEFMEAV,3,2
PLEKHM2,A*01:01,LTDDRLFTCY,LTDDRLFTCH,3,97
FNDC3B,A*02:01,VVMSWAPPV,VVLSWAPPV,4,7
PRDX5,A*02:01,LLLDDLLVSI,LLLDDSLVSI,5,7
MATN2,A*11:01,KTLTSVFQK,ETLTSVFQK,5,20
DDX21,A*68:01,EAFIQPITR,EASIQPITR,10,29
RBAF,B*07:02,RPHVPESAF,GPHVPESAF,10,68
GAS7,A*02:01,SLADEAEVYL,SLADEAEVHL,12,39
ATR,A*03:01,KLYEEPLLK,KLYEEPLSK,13,13
SIRT2,A*03:01,KIFSEVTLK,KIFSEVTPK,14,16
EF2,A*68:02,ETVSEQSNV,ETVSEESNV,16,27
KIAA0223,A*02:01,VLHDDLLEA,VLRDDLLEA,17,140
GAPDH,A*02:01,GIVEGLITTV,GIVEGLMTTV,21,27
BCL2A1,A*24:02,DYLQYVLQI,DYLQCVLQI,22,34
HSP70,A*02:01,SLFEGIDIYT,SLFEGIDFYT,23,7
ACTININ,A*02:01,FIASNGVKLV,FIASKGVKLV,29,44
CDK12,A*11:01,CILGKLFTK,CILGELFTK,33,42
KIAA1440,A*01:01,QTACEVLDY,QTTCEVLDY,33,78
HAUS3,A*02:01,ILNAMIAKI,ILNAMITKI,34,36
BCL2A1,B*44:03,KEFEDDIINW,KEFEDGIINW,36,27
PPP1R3B,A*01:01,YTDFHCQYV,YTDFPCQYV,49,72
HB-1,B*44:03,EEKRGSLHVW,EEKRGSLYVW,81,67
MUM-2,B*44:02,SELFRSGLDSY,SELFRSRLDSY,184,182
KIAA0205,B*44:03,AEPIDIQTW,AEPINIQTW,258,288
GPNMB,A*03:01,TLDWLLQTPK,TLGWLLQTPK,282,179
CSNK1A1,A*02:01,GLFGDIYLAI,GSFGDIYLAI,6,1312
CLPP,A*02:01,ILDKVLVHL,ILDKVLVHP,32,7566
CTNNB1,A*24:02,SYLDSGIHF,SYLDSGIHS,41,18746
SNRP116,A*03:01,KILDAVVAQK,KILDAVVAQE,48,14976
OS9,B*44:03,KELEGILLL,KELEGILLP,60,1161
MYH2,A*03:01,KINKNPKYK,KINKNPKYE,141,4960
MART-2,A*01:01,FLEGNEVGKTY,FLGGNEVGKTY,1115,4504
NFYC,B*52:01,AQQITKTEV,AQQITQTEV,7314,5701
CDK4,A*02:01,ACDPHSGHFV,ARDPHSGHFV,11192,25222