,ACCESSION,Epitope sequence,HLA allele
0,T000001,ALCRWGLLL,A*0201
1,T000002,ALIHHNTHL,A*0201
2,T000003,CLTSTVQLV,A*0201
3,T000004,ELVSEFSRM,A*0201
4,T000005,HLYQGCQVV,A*0201
5,T000006,IISAVVGIL,A*0201
6,T000007,ILHNGAYSL,A*0201
7,T000008,ILLVVVLGV,A*0201
8,T000009,KIFGSLAFL,A*0201
9,T000010,LIAHNQVRQV,A*0201
10,T000011,PLQPEQLQV,A*0201
11,T000012,PLTSIISAV,A*0201
12,T000013,QLMPYGCLL,A*0201
13,T000014,RLLQETELV,A*0201
14,T000015,TLEEITGYL,A*0201
15,T000016,TLEEITGYLY,A*0201
16,T000017,VLVKSPNHV,A*0201
17,T000018,VMAGVGSPYV,A*0201
18,T000019,VVLGVVFGI,A*0201
19,T000020,YLVPQQGFFC,A*0201
20,T000021,YMIMVKCWMI,A*0201
21,T000022,CLTSTVQLV,A*0202
22,T000023,HLYQGCQVV,A*0202
23,T000024,ILHNGAYSL,A*0202
24,T000025,KIFGSLAFL,A*0202
25,T000026,VMAGVGSPYV,A*0202
26,T000027,YMIMVKCWMI,A*0202
27,T000028,CLTSTVQLV,A*0203
28,T000029,HLYQGCQVV,A*0203
29,T000030,ILHNGAYSL,A*0203
30,T000031,KIFGSLAFL,A*0203
31,T000032,VMAGVGSPYV,A*0203
32,T000033,YMIMVKCWMI,A*0203
33,T000034,CLTSTVQLV,A*0206
34,T000035,KIFGSLAFL,A*0206
35,T000036,YMIMVKCWMI,A*0206
36,T000037,VLRENTSPK,A*0301
37,T000038,RWGLLLALL,A24
38,T000039,TYLPTNASL,A*2402
39,T000040,YMIMVKCWMI,A*6802
40,T000041,KVPIKWMALESILRRRF,DR1
41,T000042,KIFGSLAFLPESFDGDPA,DRB1*0401
42,T000043,GSPYVSRLLGICL,DRB1*0405
43,T000044,GSPYVSRLLGICL,DRB1*0701
44,T000045,KVPIKWMALESILRRRF,DR4
45,T000046,GSPYVSRLLGICL,DRB5*0101
46,T000047,GSPYVSRLLGICL,DR11
47,T000048,VPIKWMALESILRRRF,DR11
48,T000049,KVPIKWMALESILRRRF,DR52
49,T000050,KVPIKWMALESILRRRF,DR53
50,T000051,ELTLGEFLKL,A2
51,T000052,FLKLDRERA,A2
52,T000053,TLPPAWQPFL,A2
53,T000054,AYACNTSTL,A*0201
54,T000055,IMIGVLVGV,A2
55,T000056,ATVGIMIGV,A*0201
56,T000057,GVLVGVALI,A*0201
57,T000058,YLSGANLNL,A*0201
58,T000059,YLWWVNNQSL,A*0201
59,T000060,ATVGIMIGV,A*0202
60,T000061,IMIGVLVGV,A*0202
61,T000062,YLSGANLNL,A*0202
62,T000063,YLWWVNNQSL,A*0202
63,T000064,ATVGIMIGV,A*0203
64,T000065,IMIGVLVGV,A*0203
65,T000066,YLSGANLNL,A*0203
66,T000067,YLWWVNNQSL,A*0203
67,T000068,ATVGIMIGV,A*0206
68,T000069,IMIGVLVGV,A*0206
69,T000070,YLWWVNNQSL,A*0206
70,T000071,HLFGYSWYK,A3
71,T000072,HLFGYSWYK,A*1101
72,T000073,QYSWFVNGTF,A24
73,T000074,TYACFVSNL,A*2402
74,T000075,ATVGIMIGV,A*6802
75,T000076,IMIGVLVGV,A*6802
76,T000077,YLWWVNNQSL,A*6802
77,T000078,IPQQHTQVL,B*0702
78,T000079,LWWVNNQSLPVSP,DRB1*0405
79,T000080,LWWVNNQSLPVSP,DRB1*1101
80,T000081,LWWVNNQSLPVSP,DRB1*1104
81,T000082,AYVCGIQNSVSANRS,DR3
82,T000083,LWWVNNQSLPVSP,DR3
83,T000084,DTGFYTLHVIKSDLVNEEATGQFRV,DR4
84,T000085,YSWRINGIPQQHTQV,DR4
85,T000086,EIIYPNASLLIQN,DR7
86,T000087,LWWVNNQSLPVSP,DR7
87,T000088,TYYRPGVNLSLSC,DR7
88,T000089,YACFVSNLATGRNNS,DR9
89,T000090,LWWVNNQSLPVSP,DR13
90,T000091,EIIYPNASLLIQN,DR14
91,T000092,LWWVNNQSLPVSP,DR14
92,T000093,NSIVKSITVSASG,DR14
93,T000094,CQWGRLWQL,A2
94,T000095,MCQWGRLWQL,A2
95,T000096,AARAVFLAL,Cw*1601
96,T000097,GLIQLVEGV,A*0201
97,T000098,HACWPAFTV,A*0201
98,T000099,ILLRDAGLV,A*0201
99,T000100,LLRDAGLVKM,A*0201
100,T000101,NIKMHCEFHA,A*0201
101,T000102,SILLRDAGL,A*0201
102,T000103,SILLRDAGLV,A*0201
103,T000104,VLGEAWRDQV,A*0201
104,T000105,CEFHACWPAFTVLGE,DR1
105,T000106,CEFHACWPAFTVLGE,DR4
106,T000107,CEFHACWPAFTVLGE,DR7
107,T000108,VYDFFVWLHY,A1
108,T000109,SVYDFFVWL,A2
109,T000110,TLDSQVMSL,A2
110,T000111,FVWLHYYSV,A*0201
111,T000112,SLDDYNHLV,A*0201
112,T000113,YAIDLPVSV,A*0201
113,T000114,LLGPGRPYR,A*3101
114,T000115,LLGPGRPYR,A*3301
115,T000116,ANDPIFVVL,Cw8
116,T000117,QCTEVRADTRPWSGP,DR3
117,T000118,ALPYWNFATG,DR15
118,T000119,NIGDEALIGRW,A*25
119,T000120,YRPRPRRY,Cw6
120,T000121,YRPRPRRY,Cw*0601
121,T000122,YYWPRPRRY,A29
122,T000123,WLPFGFILI,A2
123,T000124,EADPTGHSY,A1
124,T000125,KVLEYVIKV,A2
125,T000126,RALAETSYV,A2
126,T000127,SLFRAVITK,A3
127,T000128,ESLFRAVITK,A11
128,T000129,NYKHCFPEI,A24
129,T000130,EVYDGREHSA,A28
130,T000131,EVYDGREHSA,A*6801
131,T000132,RVRFFFPSL,B7
132,T000133,EADPTGHSY,B*3501
133,T000134,REPVTKAEML,B37
134,T000135,REPVTKAEML,B*3701
135,T000136,DPARYEFLW,B53
136,T000137,ITKKVADLVGF,B57
137,T000138,SAFPTTINF,Cw2
138,T000139,SAYGEPRKL,Cw3
139,T000140,SAYGEPRKL,Cw*1601
140,T000141,PRALAETSYVKVLEY,DP4
141,T000142,TSCILESLFRAVITK,DP4
142,T000143,LLKYRAREPVTKAE,DRB1*1301
143,T000144,LLKYRAREPVTKAE,DRB1*1302
144,T000145,EYVIKVSARVRF,DR15
145,T000146,KMVELVHFL,A2
146,T000147,YLQLVFGIEV,A2
147,T000148,KASEYLQLV,A*0201
148,T000149,LVFGIEVVEV,A*0201
149,T000150,LVHFLLLKY,A*0201
150,T000151,LVQENYLEY,A*0201
151,T000152,YLQLVFGIEV,A*0201
152,T000153,KASEYLQLV,A*0202
153,T000154,LVFGIEVVEV,A*0202
154,T000155,YLQLVFGIEV,A*0202
155,T000156,KASEYLQLV,A*0203
156,T000157,LVFGIEVVEV,A*0203
157,T000158,YLQLVFGIEV,A*0203
158,T000159,KASEYLQLV,A*0206
159,T000160,LVFGIEVVEV,A*0206
160,T000161,YLQLVFGIEV,A*0206
161,T000162,TTINYTLWR,A11
162,T000163,EYLQLVFGI,A*2402
163,T000164,LVFGIEVVEV,A*6802
164,T000165,EGDCAPEEK,Cw7
165,T000166,EVDPIGHLY,A1
166,T000167,IMPKAGLLIIV,A2
167,T000168,KVAELVHFL,A2
168,T000169,QLVFGIELMEV,A2
169,T000170,FLWGPRALV,A*0201
170,T000171,IMPKAGLLIIV,A*0201
171,T000172,KIWEELSVL,A*0201
172,T000173,KVAELVHFL,A*0201
173,T000174,LVFGIELMEV,A*0201
174,T000175,QLVFGIELMEV,A*0201
175,T000176,FLWGPRALV,A*0202
176,T000177,IMPKAGLLIIV,A*0202
177,T000178,KIWEELSVL,A*0202
178,T000179,KVAELVHFL,A*0202
179,T000180,LVFGIELMEV,A*0202
180,T000181,QLVFGIELMEV,A*0202
181,T000182,FLWGPRALV,A*0203
182,T000183,IMPKAGLLIIV,A*0203
183,T000184,KVAELVHFL,A*0203
184,T000185,LVFGIELMEV,A*0203
185,T000186,QLVFGIELMEV,A*0203
186,T000187,FLWGPRALV,A*0206
187,T000188,IMPKAGLLIIV,A*0206
188,T000189,KIWEELSVL,A*0206
189,T000190,KVAELVHFL,A*0206
190,T000191,LVFGIELMEV,A*0206
191,T000192,QLVFGIELMEV,A*0206
192,T000193,FLWGPRALV,A*0207
193,T000194,FLWGPRALV,A*0209
194,T000195,IMPKAGLLI,A24
195,T000196,VAELVHFLL,A24
196,T000197,TFPDLESEF,A*2402
197,T000198,FLWGPRALV,A*6802
198,T000199,KVAELVHFL,A*6802
199,T000200,LVFGIELMEV,A*6802
200,T000201,QLVFGIELMEV,A*6802
201,T000202,MEVDPIGHLY,B18
202,T000203,EVDPIGHLY,B*3501
203,T000204,AELVHFLLL,B40
204,T000205,MEVDPIGHLY,B44
205,T000206,MEVDPIGHLY,B*4402
206,T000207,MEVDPIGHLY,B*4403
207,T000208,WQYFFPVIF,B52
208,T000209,KKLLTQHFVQENYLEY,DP4
209,T000210,TQHFVQENYLEY,DPB1*0401
210,T000211,TQHFVQENYLEY,DPB1*0402
211,T000212,KKLLTQHFVQENYLEY,DQ6
212,T000213,ACYEFLWGPRALVETS,DR1
213,T000214,FFPVIFSKASSSLQL,DR1
214,T000215,GDNQIMPKAGLLIIV,DR1
215,T000216,RKVAELVHFLLLKYR,DR1
216,T000217,TSYVKVLHHMVKISG,DR1
217,T000218,LLKYRAREPVTKAEMLGSVVGNWQ,DRB1*0401
218,T000219,YRAREPVTKAEMLG,DRB1*0401
219,T000220,SSLQLVFGIELMEVD,DRB1*07
220,T000221,VFGIELMEVDPIGHL,DRB1*07
221,T000222,GNWQYFFPVIFSKAS,DRB1*1101
222,T000223,AELVHFLLLKYRAR,DRB1*1301
223,T000224,AELVHFLLLKYRAR,DRB1*1302
224,T000225,FFPVIFSKASSSLQL,DR4
225,T000226,GDNQIMPKAGLLIIV,DR4
226,T000227,RKVAELVHFLLLKYR,DR4
227,T000228,TSYVKVLHHMVKISG,DR4
228,T000229,VIFSKASSSLQL,DR4
229,T000230,VFGIELMEVDPIGHL,DRB4*01
230,T000231,FFPVIFSKASSSLQL,DR7
231,T000232,VIFSKASSSLQL,DR7
232,T000233,FFPVIFSKASSSLQL,DR11
233,T000234,GDNQIMPKAGLLIIV,DR11
234,T000235,RKVAELVHFLLLKYR,DR11
235,T000236,TSYVKVLHHMVKISG,DR11
236,T000237,GVYDGREHTV,A2
237,T000238,NYKRCFPVI,A*2402
238,T000239,SESLKMIF,B37
239,T000240,MVKISGGPR,A*3402
240,T000241,EVDPIGHVY,B*3501
241,T000242,ISGGPRISY,Cw16
242,T000243,ESEFQAALSRKVAKL,DRB1*0401
243,T000244,FFPVIFSKASDSLQLVFGI,DRB1*0401
244,T000245,IFSKASDSLQLVFGIE,DRB1*0401
245,T000246,LTQYFVQENYLEYRQVPG,DRB1*0401
246,T000247,VGNWQYFFPVIFSKASDSLQLVFGIELMEVD,DRB1*0401
247,T000248,ALSVMGVYV,A2
248,T000249,GLYDGMEHL,A2
249,T000250,VRIGHLYIL,Cw*0702
250,T000251,REPFTKAEMLGSVIR,DP4
251,T000252,FLWGPRAYA,A2
252,T000253,ALKDVEERV,A2
253,T000254,LLFGLALIEV,A2
254,T000255,FLAKLNNTV,A*0201
255,T000256,SESIKKKVL,B*4403
256,T000257,KTCPVQLWV,A2
257,T000258,LLGRNSFEV,A2
258,T000259,RMPEAAPPV,A2
259,T000260,YQGSYGFRL,A2
260,T000261,CQLAKTCPV,A*0201
261,T000262,GLAPPQHLIRV,A*0201
262,T000263,STPPPGTRV,A*0201
263,T000264,CQLAKTCPV,A*0202
264,T000265,CQLAKTCPV,A*0203
265,T000266,CQLAKTCPV,A*0206
266,T000267,ELNEALELK,A11
267,T000268,AIYKQSQHM,A*2402
268,T000269,TYSPALNKMF,A*2402
269,T000270,SQKTYQGSY,B*4601
270,T000271,PGTRVRAMAIYKQ,DP5
271,T000272,GFRLGFLHSGTAKSV,DRB1*0101
272,T000273,GFRLGFLHSGTAKSV,DRB1*0401
273,T000274,HLIRVEGNLRVE,DR14
274,T000275,DSDPDSFQDY,A1
275,T000276,KCDICTDEY,A1
276,T000277,SSDYVIPIGTY,A1
277,T000278,ALLAGLVSL,A2
278,T000279,AMVGAVLTA,A2
279,T000280,CLLWSFQTSA,A2
280,T000281,FLLRWEQEI,A2
281,T000282,LLAGLVSLL,A2
282,T000283,MLLAVLYCL,A2
283,T000284,VLTALLAGL,A2
284,T000285,FLPWHRLFLL,A*0201
285,T000286,KLTGDENFTI,A*0201
286,T000287,YMNGTMSQV,A*0201
287,T000288,AFLPWHRLF,A24
288,T000289,AFLPWHRLFL,A24
289,T000290,QCSGNFMGF,A26
290,T000291,LPSSADVEF,B35
291,T000292,TPRLPSSADVEF,B35
292,T000293,LPSSADVEF,B*3501
293,T000294,LPSSADVEF,B*3503
294,T000295,LHHAFVDSIF,B38
295,T000296,ADVEFCLSL,B*4002
296,T000297,SADVEFCLSL,B*4002
297,T000298,SEIWRDID,B*4402
298,T000299,SEIWRDIDF,B*4402
299,T000300,SEIWRDID,B*4403
300,T000301,SEIWRDIDF,B*4403
301,T000302,DYSYLQDSDPDSFQD,DRB1*0401
302,T000303,QNILLSNAPLGPQFP,DRB1*0401
303,T000304,SYLQDSDPDSFQD,DRB1*0401
304,T000305,YGQMKNGSTPMFNDINIYDL,DRB1*0401
305,T000306,EIWRDIDFAHE,DRB1*0405
306,T000307,RHRPLQEVYPEANAPIGHNRE,DRB1*1501
307,T000308,SYLQDSDPDSFQD,DR4
308,T000309,FLLHHAFVDSIFEQWLRRHRP,DR15
309,T000310,ISPNSVFSQWRVVCDSLEDYD,DRB1*0401
310,T000311,SLPYWNFATG,DR15
311,T000312,LYATVIHDI,A*2402
312,T000313,QLNVYEIKVNKLELE,DRB1*1401
313,T000314,KASEKIFYV,A*0201
314,T000315,RLQGISPKI,A*0201
315,T000316,EKIQKAFDDIAKYFSK,DPB1*0101
316,T000317,WEKMKASEKIFYVYM,DRB1*0301
317,T000318,WEKMKASEKIFYVYMKRK,DRB1*0301
318,T000319,KIFYVYMKRKYEAMT,DRB1*0701
319,T000320,KIFYVYMKRKYEAMT,DRB1*1101
320,T000321,KIFYVYMKRKYEAMT,DRB1*1302
321,T000322,KIFYVYMKRKYEAMT,DR4
322,T000323,KIFYVYMKRKYEAM,DR11
323,T000324,INKTSGPKRGKHAWTHRLRE,DP10
324,T000325,YFSKKEWEKMKSSEKIVYVY,DR3
325,T000326,KHAWTHRLRERKQLVVYEEI,DR8
326,T000327,MKLNYEVMTKLGFKVTLPPF,DR8
327,T000328,LGFKVTLPPFMRSKRAADFH,DR11
328,T000329,KSSEKIVYVYMKLNYEVMTK,DR15
329,T000330,KHAWTHRLRERKQLVVYEEI,DR52
330,T000331,RQYRLKKISKEEKTPGC,DRB1*0801
331,T000332,VVGACGVGK,A*0302
332,T000333,VVVGAVGVG,B35
333,T000334,EYKLVVVGAVGVGKS,DRB1*0101
334,T000335,ALYVDSLFFL,A2
335,T000336,SLLQHLIGL,A2
336,T000337,SLYSFPEPEA,A2
337,T000338,VLDGLDVLL,A2
338,T000339,LYVDSLFFL,A24
339,T000340,ILDTAGREEY,A1
340,T000341,FIASNGVKLV,A2
341,T000342,VGLIRNLAL,B8
342,T000343,SYLDSGIHF,A24
343,T000344,FPSDSWCYF,B*3503
344,T000345,FPSDSWCYF,DQB1*0603
345,T000346,FSWAMDLDPKGA,DRB1*0401
346,T000347,MNFSWAMDLDPKGAN,DRB1*0401
347,T000348,NFSWAMDLDPKGAN,DRB1*0401
348,T000349,KARDPHSGHFV,A*0201
349,T000350,ACDPHSGHFV,A2
350,T000351,KACDPHSGHFV,A2
351,T000352,ETVSEQSNV,A68
352,T000353,MIFEKHGFRRTTPP,DR2
353,T000354,SLFEGIDIYT,A2
354,T000355,AEPINIQTW,B*4403
355,T000356,FLDEFMEGV,A2
356,T000357,FLEGNEVGKTY,A1
357,T000358,SELFRSGLDSY,B44
358,T000359,FRSGLDSYV,Cw6
359,T000360,EAFIQPITR,A28
360,T000361,KINKNPKYK,A*0301
361,T000362,RVIKNSIRLTL,DR7
362,T000363,KELEGILLL,B44
363,T000364,PYYFAAELPPRNLPEP,DR10
364,T000365,GELIGTLNAAKVPAD,DRB1*0101
365,T000366,SVASTITGV,A2
366,T000367,GVALQTMKQ,A2
367,T000368,FMNKFIYEI,A*0201
368,T000369,GLSPNLNRFL,A*0201
369,T000370,MKWVESIFL,A*0201
370,T000371,NLVKQKPQI,A*0201
371,T000372,PLFQVPEPV,A*0201
372,T000373,PVNPGVGQC,A*0201
373,T000374,TMKQEFLINL,A*0201
374,T000375,AYTKKAPQL,A*2402
375,T000376,EYSRRHPQL,A*2402
376,T000377,EYYLQNAFL,A*2402
377,T000378,KYIQESQAL,A*2402
378,T000379,RSCGLFQKL,A*2402
379,T000380,QLAVSVILRV,DR13
380,T000381,RSDSGQQARY,A1
381,T000382,DVPKWISIMTERSVPH,DRB1*0401
382,T000383,AFLRHAAL,A*2402
383,T000384,DYPSLSATDI,A*2402
384,T000385,LLGNCLPTV,A2
385,T000386,SLQALKVTV,A2
386,T000387,KVHPVIWSL,A2
387,T000388,LMLQNALTTM,A2
388,T000389,DFMIQGGDF,A*2402
389,T000390,KFHRVIKDF,A*2402
390,T000391,IMNDMPIYM,A*0201
391,T000392,VLAGVGFFI,A*0201
392,T000393,DVTFNIICKKCG,DR11
393,T000394,NTYASPRFK,A3
394,T000395,HLSTAFARV,A2
395,T000396,AYEQLLSRL,A24
396,T000397,EYRALQLHL,A24
397,T000398,ILAKFLHWL,A2
398,T000399,RLVDDFLLV,A2
399,T000400,KLFGVLRLK,A*0301
400,T000401,VYAETKHFL,A*2402
401,T000402,VYGFVRACL,A*2402
402,T000403,RPGLLGASVLGLDDI,DR7
403,T000404,LTDLQPYMRQFVAHL,DR11
404,T000405,VLPDVFIRC,A2
405,T000406,VLPDVFIRCV,A2
406,T000407,SPRWWPTCL,B*0702
407,T000408,YSWMDISCWI,A31
408,T000409,RLASFYDWPL,A2
409,T000410,SLGSPVLGL,A2
410,T000411,RLASFYDWPL,A*0201
411,T000412,LPAVVGLSPGEQEY,B35
412,T000413,SLYKFSPFPL,A*0201
413,T000414,LLLLTVLTV,A*0201
414,T000415,STAPPAHGV,A*0201
415,T000416,STAPPVHNV,A*0201
416,T000417,TLAPATEPA,A*0201
417,T000418,STAPPAHGV,A*1101
418,T000419,PGSTAPPAHGVT,DR3
419,T000420,PGSTAPPAHGVT,DRB4*0101
420,T000421,PGSTAPPAHGVT,DRB4*0103
421,T000422,LLNQLQVNL,A*0201
422,T000423,MLWGWREHV,A*0201
423,T000424,EEKLIVVLF,B*4402
424,T000425,EEKLIVVAF,B*4403
425,T000426,QLSLLMWIT,A2
426,T000427,QLSLLMWITQCFL,A2
427,T000428,SLLMWITQC,A2
428,T000429,SLLMWITQCFL,A2
429,T000430,ASGPGGGAPR,A*3101
430,T000431,MPFATPMEA,B35
431,T000432,MPFATPMEA,B51
432,T000433,LAMPFATPM,Cw3
433,T000434,ARGPESRLL,Cw6
434,T000435,SLLMWITQCFLPVF,DP4
435,T000436,LLEFYLAMPFATPMEAELARRSLAQ,DPB1*0401
436,T000437,LLMWITQCFLPVFLAQPPSGQRR,DPB1*0401
437,T000438,LLEFYLAMPFATPMEAELARRSLAQ,DPB1*0402
438,T000439,LLMWITQCFLPVFLAQPPSGQRR,DPB1*0402
439,T000440,EFYLAMPFATPM,DR1
440,T000441,AADHRQLQLSISSCLQQL,DRB1*0101
441,T000442,LLEFYLAMPFATPMEAELARRSLAQ,DRB1*0101
442,T000443,PLPVPGVLLKEFTVSGNI,DRB1*0101
443,T000444,TIRLTAADHRQLQLS,DRB1*0101
444,T000445,VLLKEFTVSGNILTIRLT,DRB1*0101
445,T000446,AADHRQLQLSISSCLQQL,DRB1*0102
446,T000447,PLPVPGVLLKEFTVSGNI,DRB1*0102
447,T000448,VLLKEFTVSGNILTIRLT,DRB1*0102
448,T000449,AADHRQLQLSISSCLQQL,DRB1*0103
449,T000450,PLPVPGVLLKEFTVSGNI,DRB1*0103
450,T000451,VLLKEFTVSGNILTIRLT,DRB1*0103
451,T000452,TIRLTAADHRQLQLS,DRB1*0301
452,T000453,LLEFYLAMPFATPMEAELARRSLAQ,DRB1*0401
453,T000454,LLMWITQCFLPVFLAQPPSGQRR,DRB1*0401
454,T000455,TIRLTAADHRQLQLS,DRB1*0401
455,T000456,VLLKEFTVSG,DRB1*0401
456,T000457,WITQCFLPVFLAQPPSGQRR,DRB1*0401
457,T000458,LLEFYLAMPFATPMEAELARRSLAQ,DRB1*0701
458,T000459,PGVLLKEFTVSGNILTIRLTAADHR,DRB1*0701
459,T000460,TIRLTAADHRQLQLS,DRB1*0701
460,T000461,LLEFYLAMPFATPMEAELARRSLAQ,DRB1*1101
461,T000462,PGVLLKEFTVSGNILTIRLTAADHR,DRB1*1101
462,T000463,LLEFYLAMPFATPMEAELARRSLAQ,DRB1*1501
463,T000464,PGVLLKEFTVSGNILTIRLTAADHR,DRB1*1501
464,T000465,RLLEFYLAMPFA,DR2
465,T000466,PGVLLKEFTVSGNILTIRLTAADHR,DRB3*0101
466,T000467,AADHRQLQLSISSCLQQL,DR4
467,T000468,PGVLLKEFTVSGNILTIRLT,DR4
468,T000469,VLLKEFTVSG,DR4
469,T000470,GVLLKEFTVSG,DRB4*0101
470,T000471,KEFTVSGNILTIRL,DRB4*0101
471,T000472,LKEFTVSGNILTIRL,DRB4*0101
472,T000473,LLKEFTVSGNILTIR,DRB4*0101
473,T000474,LLMWITQCFLPVFLAQPPSGQRR,DRB4*0101
474,T000475,LPVPGVLLKEFTVSG,DRB4*0101
475,T000476,PGVLLKEFTVSG,DRB4*0101
476,T000477,PGVLLKEFTVSGNILTIRLTAADHR,DRB4*0101
477,T000478,PVPGVLLKEFTVSG,DRB4*0101
478,T000479,VLLKEFTVSGNILTIRLT,DRB4*0101
479,T000480,VPGVLLKEFTVSG,DRB4*0101
480,T000481,AADHRQLQLSISSCLQQL,DRB4*0103
481,T000482,LLEFYLAMPFATPMEAELARRSLAQ,DRB5*0101
482,T000483,PGVLLKEFTVSGNILTIRLTAADHR,DRB5*0101
483,T000484,AGATGGRGPRGAGA,DR15
484,T000485,ELVRRILSR,A68
485,T000486,ILSRDAAPLPRPG,DR13
486,T000487,LMAQEALAFL,A*0201
487,T000488,MLMAQEALAFL,A*0201
488,T000489,LAAQERRVPR,A31
489,T000490,APRGVRMAV,B7
490,T000491,CLSRRPWKRSWSAGSCPGMPHL,DR11
491,T000492,PWKRSWSA,DR11
492,T000493,CLSRRPWKRSWSAGSCPGMPHL,DR12
493,T000494,PWKRSWSA,DR12
494,T000495,AYGLDFYIL,A24
495,T000496,KVFRGNKVK,A*1101
496,T000497,LYSDPADYF,A24
497,T000498,NYARTEDFF,A24
498,T000499,KVFRGNKVK,A*3101
499,T000500,KVFRGNKVK,A*3301
500,T000501,NYTLRVDCTPLMYSL,DRB1*0401
501,T000502,HSTNGVTRIY,A1
502,T000503,LKLSGVVRL,A2
503,T000504,PASKKTDPQK,B8
504,T000505,PLPPARNGGL,A2
505,T000506,SPSSNRIRNT,B7
506,T000507,VPYGSFKHV,B*5101
507,T000508,YMDGTMSQV,A2
508,T000509,ALHIYMDGTMSQVQGSA,DRB1*0401
509,T000510,FLLHHAFVDSIFEQWLQRHRP,DR15
510,T000511,DAEKSDICTDEY,A1
511,T000512,LPRWPPPQL,B7
512,T000513,EYRGFTQDF,A24
513,T000514,KGSGKMKTE,A*2601
514,T000515,EYRGFTQDF,A42
515,T000516,AYDFLYNYL,A*2402
516,T000517,DYSARWNEI,A*2402
517,T000518,SYTRLFLIL,A*2402
518,T000519,LLQAEAPRL,A2
519,T000520,RLAEYQAYI,A2
520,T000521,AYIDFEMKI,A*2402
521,T000522,VYDYNCHVDL,A*2402
522,T000523,AWISKPPGV,A2
523,T000524,SAWISKPPGV,A2
524,T000525,YQLCLTNIF,B*1501
525,T000526,YQLCLTNIF,B52
526,T000527,RMFPNAPYL,A2
527,T000528,CMTWNQMNL,A*2402
528,T000529,RWPSCQKKF,A*2402
529,T000530,LSHLQMHSRKH,DP5
530,T000531,NKRYFKLSHLQMHSR,DRB1*0401
531,T000532,RSDELVRHHNMHQRNMTKL,DRB1*0401
532,T000533,KRYFKLSHLQMHSRKH,DRB1*0405
533,T000534,RSDELVRHHNMHQRNMTKL,DR53
534,T000535,PQQMGSDVRDLNALL,DRB1*0401
535,T000536,GLKAGVIAV,A2
536,T000537,RYQLDPKFI,A24
537,T000538,AMLGTHTMEV,A2
538,T000539,AVIGALLAV,A2
539,T000540,FLRNQPLTFA,A2
540,T000541,HLAVIGALL,A2
541,T000542,IMPGQEAGL,A2
542,T000543,ITDQVPFSV,A2
543,T000544,KTWGQYWQV,A2
544,T000545,LLDGTATLRL,A2
545,T000546,LMAVVLASL,A2
546,T000547,MLGTHTMEV,A2
547,T000548,RLMKQDFSV,A2
548,T000549,RLPRIFCSC,A2
549,T000550,SLADTNSLA,A2
550,T000551,SLADTNSLAV,A2
551,T000552,TDQVPFSV,A2
552,T000553,VLYRYGSFSV,A2
553,T000554,YLAEADLSYT,A2
554,T000555,YLEPGPVTA,A2
555,T000556,ALLAVGATK,A3
556,T000557,ALNFPGSQK,A3
557,T000558,IALNFPGSQK,A3
558,T000559,LIYRRRLMK,A3
559,T000560,SLIYRRRLMK,A3
560,T000561,ALNFPGSQK,A*1101
561,T000562,HTMEVTVYHR,A68
562,T000563,SSPGCQPPA,B7
563,T000564,LPHSSSHWL,B35
564,T000565,VPLDCVLYRY,B*3501
565,T000566,SNDGPTLI,Cw8
566,T000567,VSNDGPTLI,Cw8
567,T000568,GRAMLGTHTMEVTVY,DQ6
568,T000569,IYRRRLMKQDFSVPQLPHS,DRB1*0401
569,T000570,WNRQLYPEWTEAQRLD,DRB1*0401
570,T000571,TGRAMLGTHTMEVTVYH,DR7
571,T000572,TTEWVETTARELPIPEPE,DR7
572,T000573,GRAMLGTHTMEVTVY,DR53
573,T000574,VYFFLPDHL,A24
574,T000575,RTKQLYPEW,A32
575,T000576,FLNQTDETL,A2
576,T000577,KLLMVLMLA,A2
577,T000578,LIYDSSLCDL,A2
578,T000579,LMVLMLAAL,A2
579,T000580,AIDELKECF,A3
580,T000581,KLLMVLMLA,A3
581,T000582,PLLENVISK,A3
582,T000583,TINPQVSKT,A3
583,T000584,TTNAIDELK,A3
584,T000585,FLALIICNA,A2
585,T000586,TILLGIFFL,A2
586,T000587,ALMDKSLHV,A2
587,T000588,GIGILTVIL,A2
588,T000589,GILTVILGV,A2
589,T000590,ILTVILGVL,A2
590,T000591,AAGIGILTV,A*0202
591,T000592,EAAGIGILTV,A*0202
592,T000593,AAGIGILTV,A*0204
593,T000594,EAAGIGILTV,A*0204
594,T000595,AAGIGILTV,A*0205
595,T000596,EAAGIGILTV,A*0205
596,T000597,AAGIGILTV,A*0206
597,T000598,EAAGIGILTV,A*0206
598,T000599,AAGIGILTV,A*0209
599,T000600,EAAGIGILTV,A*0209
600,T000601,AAGIGILTV,A*6901
601,T000602,EAAGIGILTV,B35
602,T000603,ILTVILGVL,B35
603,T000604,AEEAAGIGIL,B*4501
604,T000605,AEEAAGIGILT,B*4501
605,T000606,APPAYEKLSAEQ,DRB1*0101
606,T000607,APPAYEKLSAEQSPP,DRB1*0101
607,T000608,APPAYEKLSAEQSPPP,DRB1*0101
608,T000609,APPAYEKLSAEQSPPPY,DRB1*0101
609,T000610,NAPPAYEKLSAE,DRB1*0101
610,T000611,EEAAGIGILTVI,DQ6
611,T000612,AAGIGILTVILGVL,DR1
612,T000613,RNGYRALMDKSLHVGTQCALTRR,DRB1*0401
613,T000614,EEAAGIGILTVI,DR3
614,T000615,MPREDAHFIYGYPKKGHGHS,DR11
615,T000616,KNCEPVVPNAPPAYEKLSAE,DR52
616,T000617,LYSACFWWL,A24
617,T000618,IMLCLIAAV,A2
618,T000619,FLTPKKLQCV,A2
619,T000620,VISNDVCAQV,A2
620,T000621,QVHPQKVT,A3
621,T000622,VSHSFPHPLY,A11
622,T000623,GAAPLILSR,A*1101
623,T000624,GAAPLILSR,A*3101
624,T000625,GAAPLILSR,A*3301
625,T000626,QVFQVSHSFPHPLYD,DRB1*0401
626,T000627,SLFHPEDTGQVFQ,DRB1*0401
627,T000628,ILLGRMSLFMPEDTG,DRB1*0401
628,T000629,NDLMLLRLSEPAELT,DRB1*0401
629,T000630,KKLQCVQLHVISM,DRB1*0401
630,T000631,GVLQGITSMGSEPCA,DRB1*0401
631,T000632,EYCLKFTKL,A*2402
632,T000633,GFDCANESVL,A*2402
633,T000634,LYQAVATI,A*2402
634,T000635,YSVYFNLPADTIYTN,DR1
635,T000636,EDLTVKIGDFGLATEKSRWSGSHQFEQLS,DR4
636,T000637,FLIIWQNTM,A*0201
637,T000638,AVCPWTWLR,A11
638,T000639,TLYQDDTLTLQAAG,DRB1*0402
639,T000640,TLYQDDTLTLQAAG,DR13
640,T000641,KILDAVVAQK,A3
641,T000642,TLDWLLQTPK,A3
642,T000643,QQITKTEV,B52
643,T000644,LLLDDLLVSI,A2
644,T000645,RPHVPESAF,B7
645,T000646,KIFSEVTLK,A3
646,T000647,SHETVIIEL,B38
647,T000648,MLAVISCAV,A2
648,T000649,RQKRILVNL,B*1501
649,T000650,RQKRILVNL,B*1507
650,T000651,EYLSLSDKI,A24
651,T000652,EYSKECLKEF,A24
652,T000653,NYNNFYRFL,A24
653,T000654,MTQGQHFLQKV,B13
654,T000655,QGQHFLQKV,B13
655,T000656,ILDSSEEDK,A1
656,T000657,SVSESDTIRSISIAS,DP4
657,T000658,SVSESDTIRSISIAS,DRB1*0401
658,T000659,LLANGRMPTVLQCVN,DRB1*0404
659,T000660,RMPTVLQCVNVSVVS,DR7
660,T000661,SLSKILDTV,A2
661,T000662,LLSHGAVIEV,A*0201
662,T000663,VLHWDPETV,A2
663,T000664,LLGATCMFV,A*0201
664,T000665,RLTRFLSRV,A*0201
665,T000666,ETIPLTAEKL,A*6801
666,T000667,NPPSMVAAGSVVAAV,DRB1*0401
667,T000668,LVDVMPWLQY,A1
668,T000669,FLDPRPLTV,A*0201
669,T000670,SLVDVMPWL,A*0201
670,T000671,WLQYFPNPV,A*0201
671,T000672,LVDVMPWLQY,B35
672,T000673,VLFYLGQYI,A2
673,T000674,YTMKEVLFYL,A2
674,T000675,GLPPDVQRV,A2
675,T000676,AYRPVSRNI,A*2402
676,T000677,CTACRWKKACQR,B55
677,T000678,ALWPWLLMA,A2
678,T000679,ALWPWLLMAT,A2
679,T000680,NSQPVWLCL,A24
680,T000681,KMDAEHPEL,A2
681,T000682,LLLGTIHAL,A2
682,T000683,MIAVFLPIV,A2
683,T000684,FLYTLLREV,A*0201
684,T000685,HQQYFYKIPILVINK,DR1
685,T000686,HQQYFYKIPILVINK,DR9
686,T000687,LLNWAYQQVQQNKED,DR9
687,T000688,HQQYFYKIPILVINK,DR53
688,T000689,LLNWAYQQVQQNKED,DR53
689,T000690,RVAALARDA,A2
690,T000691,RLSSCVPVA,A2
691,T000692,SLVRLSSCVPVALMSAMTTSSSQ,DPB1*0301
692,T000693,SLVRLSSCVPVALMSAMTTSSSQ,DPB1*1401
693,T000694,SLVRLSSCVPVALMSAMTTSSSQ,DQ*0602
694,T000695,SLVRLSSCVPVALMSAMTTSSSQ,DQ*0603
695,T000696,CMHLLLEAV,A*0201
696,T000697,LLLEAVPAV,A*0201
697,T000698,RLGPTLMCL,A*0201
698,T000699,TLHCDCEIL,A*0201
699,T000700,VLSVNVPDV,A*0201
700,T000701,WLPKILGEV,A*0201
701,T000702,VTEPGTAQY,A1
702,T000703,VLQELNVTV,A*0201
703,T000704,AILALLPAL,A*0201
704,T000705,ALQPGTALL,A*0201
705,T000706,CVDDSQDYYV,A*0201
706,T000707,LLCYSCKAQV,A*0201
707,T000708,VLLALLMAGL,A*0201
708,T000709,LLCYSCKAQV,A*0202
709,T000710,LLCYSCKAQV,A*0203
710,T000711,ALLMAGLAL,A*0206
711,T000712,CVDDSQDYYV,A*0206
712,T000713,LLALLMAGL,A*0206
713,T000714,LLCYSCKAQV,A*0206
714,T000715,VLLALLMAGL,A*0206
715,T000716,ALLMAGLAL,A*0207
716,T000717,CVDDSQDYYV,A*0207
717,T000718,LLALLMAGL,A*0207
718,T000719,LLCYSCKAQV,A*0207
719,T000720,VLLALLMAGL,A*0207
720,T000721,CVDDSQDYYV,A*0210
721,T000722,DYYVGKKNI,A*2402
722,T000723,KAQVSNEDCL,A*2402
723,T000724,AILALLPALL,A*0201
724,T000725,ILSLELMKL,A*0201
725,T000726,SLEENIVIL,A*0201
726,T000727,ILLWQPIPV,A*0201
727,T000728,ATQIPSYKK,A11
728,T000729,GIHKQKEKSR,A*1101
729,T000730,YLPFRNCPR,A*1101
730,T000731,GIHKQKEKSR,A*3101
731,T000732,YLPFRNCPR,A*3101
732,T000733,GIHKQKEKSR,A*3301
733,T000734,YLPFRNCPR,A*3301
734,T000735,KSEEFQKRLHPYKDFIATLG,DRB1*1501
735,T000736,NPILLWQPIPVHTVPLSEDQ,DRB1*1501
736,T000737,KTPFVSPLL,A24
737,T000738,ILEQSGEWWK,A11
738,T000739,IQNLERGYR,A11
739,T000740,VIQNLERGYR,A11
740,T000741,DYLRSVLEDF,A*2402
741,T000742,HYTNASDGL,A*2402
742,T000743,TFDYLRSVL,A*2402
743,T000744,ILEQSGEWWK,A31
744,T000745,IQNLERGYR,A31
745,T000746,VIQNLERGYR,A31
746,T000747,ILEQSGEWWK,A33
747,T000748,IQNLERGYR,A33
748,T000749,VIQNLERGYR,A33
749,T000750,AYAQHVFRSF,A*2402
750,T000751,QFQSIYAKF,A*2402
751,T000752,QFQSIYAKFF,A*2402
752,T000753,SACDVSVRVV,Cw*0501
753,T000754,YTDFVGEGL,Cw*0501
754,T000755,RIAAWMATYL,A2
755,T000756,VLVSRIAAWM,A2
756,T000757,YLNDHLEPWI,A2
757,T000758,ALGGHPLLGV,A2
758,T000759,TMNGSKSPV,A2
759,T000760,VGQDVSVLFRVTGALQ,DR11
760,T000761,LAALPHSCL,A2
761,T000762,GLASFKSFLK,A3
762,T000763,FMVELVEGA,A2
763,T000764,KLSEQESLL,A2
764,T000765,MLTNSCVKL,A2
765,T000766,SSKALQRPV,A*0201
766,T000767,KQSSKALQR,A*0301
767,T000768,KQSSKALQR,A*0302
768,T000769,KQSSKALQR,A11
769,T000770,GFKQSSKAL,B8
770,T000771,ATGFKQSSKALQRPVAS,DRB1*0401
771,T000772,ATGFKQSSKALQRPVAS,DRB1*0901
772,T000773,ATGFKQSSKALQRPVAS,DRB1*1501
773,T000774,IVHSATGFKQSSKALQRPVASDFEP,DR11
774,T000775,ATGFKQSSKALQRPVAS,DR53
775,T000776,FVEHDLYCTL,A*0201
776,T000777,FVEHDDESPGL,A*0201
777,T000778,GPHCNVFVEHDDESPGLYG,DRB1*0701
778,T000779,TMKQICKKEIRRLHQY,DR53
779,T000780,RIAECILGM,A2
780,T000781,IGRIAECILGMNPSR,DP5
781,T000782,IGRIAECILGMNPSR,DP17
782,T000783,WRRAPAPGA,DR1
783,T000784,GGAPPVTWRRAPAPG,DRB1*0101
784,T000785,PVTWRRAPA,DRB1*0101
785,T000786,WRRAPAPGAKAMAPG,DRB1*0101
786,T000787,GVLLWEIFSL,A*0201
787,T000788,SLAMLDLLHV,A*0201
788,T000789,NSNHVASGAGEAAIETQSSSSEEIV,DR11
789,T000790,GYDQIMPKK,A*2402
790,T000791,QRPYGYDQIM,B7
791,T000792,YVDFREYEYY,A1
792,T000793,FLLFSLGWV,A2
793,T000794,KLLGPHVEGL,A2
794,T000795,ILPRKHHRI,A2
795,T000796,LLQDWHVIL,A2
796,T000797,LIADFLSGL,A2
797,T000798,LLLLARWEDT,A2
798,T000799,RLQEWCSVI,A2
799,T000800,ALVEFEDVL,A2
800,T000801,CLYGNVEKV,A2
801,T000802,FMFGQKLNV,A2
802,T000803,NVLHFFNAPL,A2
803,T000804,ASLDSDPWV,A2
804,T000805,ILGELREKV,A2
805,T000806,MLPLECQYL,A2
806,T000807,TLLRKERGV,A2
807,T000808,IIYDRKFLM,A2
808,T000809,RIIYDRKFL,A2
809,T000810,DLLSHAFFA,A2
810,T000811,GLLFLHTRT,A2
811,T000812,QILKGLLFL,A2
812,T000813,QQLCVYWTV,A2
813,T000814,PLFDFSWLSL,A2
814,T000815,WLSLKTLLSL,A2
815,T000816,ALSPVPPVV,A*0201
816,T000817,QSLEIISRY,A1
817,T000818,AVLPLLELV,A2
818,T000819,ATLPLLCAR,A*3101
819,T000820,WATLPLLCAR,A*3303
820,T000821,AYVPQQAWI,A*2402
821,T000822,LYAWEPSFL,A*2402
822,T000823,NYSVRYRPGL,A*2402
823,T000824,VYSDADIFL,A*2402
824,T000825,LLLGIGILV,A2
825,T000826,GLQHWVPEL,A2
826,T000827,NLFETPVEA,A2
827,T000828,RLLAALCGA,A2
828,T000829,LTYVSFRNL,A*0101
829,T000830,FLTGNQLAV,A*0201
830,T000831,RLARLALVL,A*0201
831,T000832,PLADLSPFA,Cw7
832,T000833,LLLAGLFSL,A*0201
833,T000834,YLQHNEIQEV,A*0201
834,T000835,YMEHNNVYTV,A*0201
835,T000836,KVICKSCISQTP,DRB1*0410
836,T000837,CATWKVICKSCISQTPG,DRB1*0901
837,T000838,ALCNTDSPL,A*0201
838,T000839,LLAARAIVAI,A*0201
839,T000840,NLVRDDGSAV,A*0207
840,T000841,RLFAFVRFT,A*0207
841,T000842,VVQNFAKEFV,A*0207
842,T000843,YYIMFGPDI,A*2402
843,T000844,HVDGFIANV,A2
844,T000845,KYDCFLHPF,A24
845,T000846,KYVGIEREM,A24
846,T000847,RLPERMTTL,A2
847,T000848,ALPPPLMLL,A2
848,T000849,DLIFGLNAL,A2
849,T000850,LLLGPLGPL,A2
850,T000851,KIMDQVQQA,A2
851,T000852,RLQEDPPAGV,A2
852,T000853,KLDVGNAEV,A2
853,T000854,FLYDDNQRV,A2
854,T000855,ALMEQQHYV,A2
855,T000856,YLMDTSGKV,A2
856,T000857,ILDDIGHGV,A2
857,T000858,LLDRFLATV,A2
858,T000859,RLYPWGVVEV,A2
859,T000860,KLQELNYNL,A2
860,T000861,APLLRWVL,B8
861,T000862,QLQGYCASL,A2
862,T000863,RIDITLSSV,A2
863,T000864,GFRTVIRPF,A24
864,T000865,GYCASLFAIL,A24
865,T000866,KTPPNPKHA,A2
866,T000867,QEAPDVVAFV,A2
867,T000868,KLAKPLSSL,A2
868,T000869,VLLGMEGSV,A2
869,T000870,FAWERVRGL,A2
870,T000871,GLGLPKLYL,A2
871,T000872,LMAGCIQEA,A2
872,T000873,FLHHLIAEI,A2
873,T000874,QLLHDKGKSI,A2
874,T000875,RAVSEHQLL,A24
875,T000876,RYLTQETNKV,A24
876,T000877,TLMKKDKYTL,A*0201
877,T000878,LLRRYNVAKV,A*0201
878,T000879,IPFIREAERL,DRB1*01
879,T000880,GLMKYIGEV,A*0201
880,T000881,ALLTYMIAHI,A2
881,T000882,LMALPPCHAL,A2
882,T000883,MVYDLYKTL,A2
883,T000884,RLDFNLIRV,A2
884,T000885,IGGGMAFT,A2
885,T000886,SEMISGDWLESSISNL,DRB1*01
886,T000887,SVAPALALFPA,A*0201
887,T000888,FLRNFSLML,A2
888,T000889,FVFLRNFSL,A2
889,T000890,VFLPCDSWNL,A*2402
890,T000891,KYLKLSSSEL,A*2402
891,T000892,KLFGTSGQKT,A2
892,T000893,YLNTVQPTCV,A2
893,T000894,DYVREHKDNI,A24
894,T000895,MFNNCEVVL,A24
895,T000896,NYDANKTGL,A24
896,T000897,TFEDHFLSL,A24
897,T000898,QLPVEEPNP,A33
898,T000899,RSRRVLYPR,A33
899,T000900,VLYPRVVRR,A33
900,T000901,SYRNEIAYL,A*2402
901,T000902,RYCNLEGPPI,A*2402
902,T000903,KTVNELQNL,A*2402
903,T000904,FVGEFFTDV,A2
904,T000905,EYILSLEEL,A24
905,T000906,SFAYTLNFIL,A*2402
906,T000907,SFKHSFAYTL,A*2402
907,T000908,MEIFIEVFSHF,B*4403
908,T000909,ELLIRKLPF,B8
909,T000910,LLYKLADLI,A2
910,T000911,GQDLLFKDATVRAVPV,DRB1*0101
911,T000912,GQDLLFKDATVRAVPV,DRB1*0401
912,T000913,GQDLLFKDATVRAVPVG,DRB1*0401 or DRB1*0301
913,T000914,GQDLLFKDATVRAVPVG,DRB1*0401 or DRB1*1301
914,T000915,GQDLLFKDATVRAVPV,DRB1*1101
915,T000916,GQDLLFKDATVRAVPV,DRB5*0101
916,T000917,VYPEYVIQY,Cw*0702
917,T000918,YVDPVITSI,A*0201
918,T000919,AKYLMELTM,A*0201
919,T000920,AKYLMELTML,A*0201
920,T000921,AGYLMELCC,A*0201
921,T000922,AGYLMELCM,A*0201
922,T000923,AGYLMELCMA,A*0201
923,T000924,AGYLMELCF,A*0201
924,T000925,SPQNSIRHNL,B7
925,T000926,QLMAFNHLI,A*0201
926,T000927,AEALQRPV,B61
927,T000928,AEALQRPVA,B61
928,T000929,EGAFHGDAEALQRPVAS,DRB1*1501
929,T000930,ATTNILEHV,A2
930,T000931,EVISCKLIKR,A*3301
931,T000932,EVISCKLIKR,A*6801
932,T000933,CLLDILDTAGLEEYSAMRD,DQA1*0301
933,T000934,CLLDILDTAGLEEYSAMRD,DQB1*0302
934,T000935,QLCPICRAPV,A*0201
935,T000936,RLQEERTCKV,A*0201
936,T000937,VLEPPGARDV,A*0201
937,T000938,IPLTINKEEALQRPVAS,DRB1*0101
938,T000939,VHSIPLTINKEEALQRPVASDFE,DRB1*0301
939,T000940,IPLTINKEEALQRPVAS,DRB5*0101
940,T000941,LNVIVHSATGFKQSSKALQRPVA,DRB1*0301
941,T000942,LNVIVHSATGFKQSSKALQRPVA,DRB1*0402
942,T000943,LNVIVHSATGFKQSSKALQRPVA,DRB1*1101
943,T000944,NIALWMTEYL,A2
944,T000945,YLNRHLHTWI,A2
945,T000946,YLSGADLNL,A2
946,T000947,EADPIGHLY,A1
947,T000948,EVDPASNTY,A1
948,T000949,QGAMLAAQERRVPRAAEVPR,DR3
949,T000950,YLLDLSTNHL,A*0201
950,T000951,ELFQDLSQL,A2
951,T000952,LLDVAPLSL,A*0201
952,T000953,LLLLDVAPL,A*0201
953,T000954,YTCPLCRAPV,A2
