,ACCESSION,Ligand sequence,HLA allele
0,L000001,SIISAVVGI,A*0201
1,L000002,SIISAVVGI,A*0203
2,L000003,SIISAVVGI,A*0206
3,L000004,ILIKRRQQK,A*0301
4,L000005,ILWKDIFHK,A*0301
5,L000006,KIRKYTMRR,A*0301
6,L000007,KVLRENTSPK,A*0301
7,L000008,LVKSPNHVK,A*0301
8,L000009,QLRSLTEILK,A*0301
9,L000010,VLRENTSPK,A*1101
10,L000011,VLRENTSPK,A*3101
11,L000012,VLRENTSPK,A*3301
12,L000013,SIISAVVGI,A*6802
13,L000014,CTPERMAEA,A*0201
14,L000015,FCFKELEGW,A*0201
15,L000016,FIHCPTENE,A*0201
16,L000017,FLKDHRIST,A*0201
17,L000018,FLKLDRERA,A*0201
18,L000019,FLSVKKQFE,A*0201
19,L000020,HSSGCAFLS,A*0201
20,L000021,ISTFKNWPF,A*0201
21,L000022,KHSSGCAFL,A*0201
22,L000023,KLDRERAKN,A*0201
23,L000024,KNWPFLEGC,A*0201
24,L000025,KQFEELTLG,A*0201
25,L000026,KVRRAIEQL,A*0201
26,L000027,LPPAWQPFL,A*0201
27,L000028,LTLGEFLKL,A*0201
28,L000029,MAEAGFIHC,A*0201
29,L000030,MGAPTLPPA,A*0201
30,L000031,PFLEGCACT,A*0201
31,L000032,RAIEQLAAM,A*0201
32,L000033,RISTFKNWP,A*0201
33,L000034,RMAEAGFIH,A*0201
34,L000035,SSGCAFLSV,A*0201
35,L000036,STFKNWPFL,A*0201
36,L000037,SVKKQFEEL,A*0201
37,L000038,TLGEFLKLD,A*0201
38,L000039,TLPPAWQPF,A*0201
39,L000040,GCAFLSVKK,A*0301
40,L000041,IAKETNNKK,A*0301
41,L000042,KDHRISTFK,A*0301
42,L000043,KIAKETNNK,A*0301
43,L000044,KLDRERAKN,A*0301
44,L000045,PDLAQCFFC,A*0301
45,L000046,PPAWQPFLK,A*0301
46,L000047,RMAEAGFIH,A*0301
47,L000048,SGCAFLSVK,A*0301
48,L000049,STFKNWPFL,A*0301
49,L000050,ELTLGEFLK,A*1101
50,L000051,GCAFLSVKK,A*1101
51,L000052,IAKETNNKK,A*1101
52,L000053,KDHRISTFK,A*1101
53,L000054,KIAKETNNK,A*1101
54,L000055,LTLGEFLKL,A*1101
55,L000056,MGAPTLPPA,A*1101
56,L000057,PDLAQCFFC,A*1101
57,L000058,PPAWQPFLK,A*1101
58,L000059,RAIEQLAAM,A*1101
59,L000060,RMAEAGFIH,A*1101
60,L000061,SGCAFLSVK,A*1101
61,L000062,STFKNWPFL,A*1101
62,L000063,AFLSVKKQF,A*2402
63,L000064,CFFCFKELE,A*2402
64,L000065,DLAQCFFCF,A*2402
65,L000066,EAGFIHCPT,A*2402
66,L000067,EPDLAQCFF,A*2402
67,L000068,FCFKELEGW,A*2402
68,L000069,FEELTLGEF,A*2402
69,L000070,FFCFKELEG,A*2402
70,L000071,GAPTLPPAW,A*2402
71,L000072,HRISTFKNW,A*2402
72,L000073,ISTFKNWPF,A*2402
73,L000074,KHSSGCAFL,A*2402
74,L000075,KKHSSGCAF,A*2402
75,L000076,KVRRAIEQL,A*2402
76,L000077,LKDHRISTF,A*2402
77,L000078,LPPAWQPFL,A*2402
78,L000079,LTLGEFLKL,A*2402
79,L000080,NEPDLAQCF,A*2402
80,L000081,PDLAQCFFC,A*2402
81,L000082,PFLKDHRIS,A*2402
82,L000083,QCFFCFKEL,A*2402
83,L000084,RAIEQLAAM,A*2402
84,L000085,RMAEAGFIH,A*2402
85,L000086,SSGCAFLSV,A*2402
86,L000087,STFKNWPFL,A*2402
87,L000088,SVKKQFEEL,A*2402
88,L000089,TLGEFLKLD,A*2402
89,L000090,TLPPAWQPF,A*2402
90,L000091,WPFLEGCAC,A*2402
91,L000092,APTLPPAWQ,B*0702
92,L000093,KVRRAIEQL,B*0702
93,L000094,LPPAWQPFL,B*0702
94,L000095,QPFLKDHRI,B*0702
95,L000096,RAIEQLAAM,B*0702
96,L000097,SVKKQFEEL,B*0702
97,L000098,WPFLEGCAC,B*0702
98,L000099,AFLSVKKQF,B*0801
99,L000100,FLKDHRIST,B*0801
100,L000101,FLKLDRERA,B*0801
101,L000102,FLSVKKQFE,B*0801
102,L000103,KVRRAIEQL,B*0801
103,L000104,QPFLKDHRI,B*0801
104,L000105,SVKKQFEEL,B*0801
105,L000106,CFKELEGWE,B*1501
106,L000107,FCFKELEGW,B*1501
107,L000108,FLKDHRIST,B*1501
108,L000109,ISTFKNWPF,B*1501
109,L000110,KQFEELTLG,B*1501
110,L000111,KVRRAIEQL,B*1501
111,L000112,RAIEQLAAM,B*1501
112,L000113,RMAEAGFIH,B*1501
113,L000114,SVKKQFEEL,B*1501
114,L000115,TLPPAWQPF,B*1501
115,L000116,QIIGYVIGT,A*0201
116,L000117,QIIGYVIGT,A*0202
117,L000118,QIIGYVIGT,A*0203
118,L000119,QIIGYVIGT,A*0206
119,L000120,ELFISNITEK,A*0301
120,L000121,FISNITEK,A*0301
121,L000122,FVSNLATGR,A*0301
122,L000123,HLFGYSWY,A*0301
123,L000124,HLFGYSWYK,A*0301
124,L000125,KITPNNNGTY,A*0301
125,L000126,LFISNITEK,A*0301
126,L000127,NLPQHLFGY,A*0301
127,L000128,RINGIPQQH,A*0301
128,L000129,RLQLSNDNR,A*0301
129,L000130,RLQLSNGNR,A*0301
130,L000131,RTLTLFNVTR,A*0301
131,L000132,RVDGNRQIIGY,A*0301
132,L000133,RVYPELPK,A*0301
133,L000134,TISPLNTSY,A*0301
134,L000135,TISPSYTYY,A*0301
135,L000136,TITVSAELPK,A*0301
136,L000137,TITVYAEPPK,A*0301
137,L000138,TLFNVTRNDAR,A*0301
138,L000139,TLTLFNVTR,A*0301
139,L000140,TVSAELPK,A*0301
140,L000141,TVYAEPPK,A*0301
141,L000142,HLFGYSWYK,A*3101
142,L000143,HLFGYSWYK,A*3301
143,L000144,HLFGYSWYK,A*6801
144,L000145,QIIGYVIGT,A*6802
145,L000146,FPSLREAAL,B*0702
146,L000147,GVYDGEEHSV,A*0201
147,L000148,TLDEKVAEL,A*0201
148,L000149,GLAPPQHLIRV,A*0201
149,L000150,LLGRNSFEV,A*0201
150,L000151,LLPENNVLSPL,A*0201
151,L000152,PLDGEYFTL,A*0201
152,L000153,RMPEAAPPV,A*0201
153,L000154,GRNSFEVRV,B*2709
154,L000155,ALLAGLVSLL,A2
155,L000156,FLPWHRLFL,A2
156,L000157,LLAVLYCLL,A2
157,L000158,LLWSFQTSA,A2
158,L000159,RIWSWLLGA,A2
159,L000160,WLLGAAMVGA,A2
160,L000161,AIDQLHLEY,A1
161,L000162,GLLGTLVQ,A*0201
162,L000163,GLLGTLVQL,A*0201
163,L000164,DAAHPTNVQ,A*6801
164,L000165,AQNAVRLHY,B*1501
165,L000166,LTDPSQRLV,B*1516
166,L000167,YFDPANGKFSK,A*1101
167,L000168,YFDPANGKFSK,A*2601
168,L000169,YFDPANGKF,A*3001
169,L000170,KQFAEMYVAKF,A*3004
170,L000171,EHAHNMRVM,B*1510
171,L000172,YFDPANGKF,B*1516
172,L000173,RRWLPAGDA,B*2705
173,L000174,YFDPANGKF,B*3801
174,L000175,DALLQMITI,B*5101
175,L000176,YFDPANGKF,B*5201
176,L000177,YFDPANGKF,Cw*0401
177,L000178,TVFDAKRLIGR,A*6801
178,L000179,KMKEIAEAY,B*4601
179,L000180,RLDSYVRSL,A*0201
180,L000181,SLLTSSKGQLQK,A3
181,L000182,TSALPIIQK,A3
182,L000183,TSALPIIQK,A*1101
183,L000184,MAGDIYSVFR,A*6801
184,L000185,MTSALPIIQK,A*6801
185,L000186,QRQDIAFAY,B*2705
186,L000187,DVPKWISIMTERSVPHL,DRB1*0401
187,L000188,SPRAAEPVQL,B7
188,L000189,EIHVVHLSTAFARVDEALGR,DRB1*0401
189,L000190,GMGSEELRL,A*0201
190,L000191,LLRSKGRDFV,A*0201
191,L000192,LTAEVPPEL,A*0201
192,L000193,PLTAEVPPEL,A*0201
193,L000194,QILGQLRPL,A*0201
194,L000195,SLGSPVLGL,A*0201
195,L000196,APDTRPAP,A*0201
196,L000197,NLTISDVSV,A*0201
197,L000198,NRQLYPEWTEAQR,DRB1*0401 or DRB1*03011
198,L000199,RQLYPEWTEAQR,DRB1*0401 or DRB1*03011
199,L000200,WNRQLYPEWTEAQR,DRB1*0401 or DRB1*03011
200,L000201,SRWSGSHQF,B*2705
201,L000202,EEEVFPLAM,B*1801
202,L000203,NPPSMVAAGSVVAAV,DRB1*0401
203,L000204,MGDQPNLPY,A1
204,L000205,FLDPRPLTV,A*0201
205,L000206,ILAHQCDFRA,A*0201
206,L000207,LLDSAVQNL,A*0201
207,L000208,LLFTRYPDV,A*0201
208,L000209,MMDAFILSA,A*0201
209,L000210,NLPYVLAFL,A*0201
210,L000211,RLGSCPIVV,A*0201
211,L000212,MGDQPNLPY,B35
212,L000213,LLGDLFGV,A*0201
213,L000214,EVYQVTVY,B*1502
214,L000215,DEVYQVTVY,B*1801
215,L000216,RLVNVVLGAH,B*5101
216,L000217,RLVNVVLGAH,B63
217,L000218,DLWKETVFL,A*2601
218,L000219,DLWKETVFL,A*2602
219,L000220,TLYEAVREV,A*2602
220,L000221,ETVELQIST,A*2602
221,L000222,GATLRLDPTVLDAGEL,DRB1*0401 or DRB1*03011
222,L000223,GPWPQGATLRLDPTVLDAGE,DRB1*0401 or DRB1*03011
223,L000224,MAQKRIHAL,B8
224,L000225,FLLDHLKRV,A*0201
225,L000226,HSATGFKQSSK,A3
226,L000227,KQSSKALQR,A3
227,L000228,ATGFKQSSK,A*0302
228,L000229,HSATGFKQSSK,A*0302
229,L000230,ATGFKQSSK,A11
230,L000231,HSATGFKQSSK,A11
231,L000232,ATGFKQSSK,A68
232,L000233,HSATGFKQSSK,A68
233,L000234,SATGFKQSSK,A68
234,L000235,GFKQSSKAL,B8
235,L000236,KVYENYPTY,A3
236,L000237,ELVKRILNF,A*2601
237,L000238,KVYENYPTY,B*1517
238,L000239,EALQRPVA,B61
239,L000240,EEALQRPVA,B61
240,L000241,LEEALQRPVA,B62
241,L000242,KPRAIVVDPVHGFMY,DRB1*0301
242,L000243,AAAGPALSPV,A2
243,L000244,ALVGACITL,A2
244,L000245,FTARGRFATV,A2
245,L000246,KTLLSLALV,A2
246,L000247,SLALVGACI,A2
247,L000248,AGVGAGLAY,A1
248,L000249,SPEEELDGY,A1
249,L000250,KQGNFNAWV,A2
250,L000251,NLFETPILA,A2
251,L000252,NLLRRMWVT,A2
252,L000253,VQFVASYKV,A2
253,L000254,FSSSAPFLA,A*0101
254,L000255,HMEGYHYRY,A*0101
255,L000256,LASNHFLYL,A*0101
256,L000257,LTCAYPEKM,A*0101
257,L000258,QTSYVFLGI,A*0101
258,L000259,VPTDLPAYV,A*0101
259,L000260,AALLAGRAL,A*0201
260,L000261,AARTVKCVN,A*0201
261,L000262,ADLSPFAFS,A*0201
262,L000263,AFSGSNASV,A*0201
263,L000264,AGDGRLRLA,A*0201
264,L000265,ALKVLHNGT,A*0201
265,L000266,APFLASAVS,A*0201
266,L000267,AQLPSLRHL,A*0201
267,L000268,ARLALVLLG,A*0201
268,L000269,ASVSAPSPL,A*0201
269,L000270,AVSAQPPLP,A*0201
270,L000271,AYVRNLFLT,A*0201
271,L000272,CVNRNLTEV,A*0201
272,L000273,EHLPSLRQL,A*0201
273,L000274,EKMRNRVLL,A*0201
274,L000275,ELAALNLSG,A*0201
275,L000276,ELILNHIVP,A*0201
276,L000277,EVVQGKDRL,A*0201
277,L000278,FARRPPLAE,A*0201
278,L000279,FEGMVVAAL,A*0201
279,L000280,FLASAVSAQ,A*0201
280,L000281,FSSSAPFLA,A*0201
281,L000282,GAFARRPPL,A*0201
282,L000283,GGCSRGPAA,A*0201
283,L000284,GLPHIRVFL,A*0201
284,L000285,GLRRLELAS,A*0201
285,L000286,GMVVAALLA,A*0201
286,L000287,GSRLDEVRA,A*0201
287,L000288,GWVSSSSPT,A*0201
288,L000289,HFLYLPRDV,A*0201
289,L000290,HMADMVTWL,A*0201
290,L000291,HMEGYHYRY,A*0201
291,L000292,IKKWMHNIR,A*0201
292,L000293,ILNHIVPPE,A*0201
293,L000294,ILPPSLQTS,A*0201
294,L000295,IVLALIGAI,A*0201
295,L000296,KVLHNGTLA,A*0201
296,L000297,KWMHNIRDA,A*0201
297,L000298,LAELAALNL,A*0201
298,L000299,LALIGAIFL,A*0201
299,L000300,LALVLLGWV,A*0201
300,L000301,LASNHFLYL,A*0201
301,L000302,LAVLPAGAF,A*0201
302,L000303,LDLSHNPLA,A*0201
303,L000304,LDLSNNSLV,A*0201
304,L000305,LEDNALKVL,A*0201
305,L000306,LELASNHFL,A*0201
306,L000307,LHNGTLAEL,A*0201
307,L000308,LIGAIFLLV,A*0201
308,L000309,LLAGRALQG,A*0201
309,L000310,LLGWVSSSS,A*0201
310,L000311,LLVLYLNRK,A*0201
311,L000312,LPSLRHLDL,A*0201
312,L000313,LPSLRQLDL,A*0201
313,L000314,LQGLPHIRV,A*0201
314,L000315,LQGLRRLEL,A*0201
315,L000316,LSGSRLDEV,A*0201
316,L000317,LSHNPLADL,A*0201
317,L000318,LSNNSLVSL,A*0201
318,L000319,LSPFAFSGS,A*0201
319,L000320,LTCAYPEKM,A*0201
320,L000321,LTHLESLHL,A*0201
321,L000322,LTNLSSNSD,A*0201
322,L000323,LTYVSFRNL,A*0201
323,L000324,LVELILNHI,A*0201
324,L000325,LVLLGWVSS,A*0201
325,L000326,LYLPRDVLA,A*0201
326,L000327,MHNIRDACR,A*0201
327,L000328,MVTWLKETE,A*0201
328,L000329,NLFLTGNQL,A*0201
329,L000330,NLTEVPTDL,A*0201
330,L000331,NQLAVLPAG,A*0201
331,L000332,NRKGIKKWM,A*0201
332,L000333,NRVLLELNS,A*0201
333,L000334,PALCECSEA,A*0201
334,L000335,PLADLSPFA,A*0201
335,L000336,PLPDQCPAL,A*0201
336,L000337,PPLAELAAL,A*0201
337,L000338,PPSLQTSYV,A*0201
338,L000339,QNRSFEGMV,A*0201
339,L000340,QTSYVFLGI,A*0201
340,L000341,RALQGLRRL,A*0201
341,L000342,RDACRDHME,A*0201
342,L000343,RGPAAGDGR,A*0201
343,L000344,RHLDLSNNS,A*0201
344,L000345,RLDEVRAGA,A*0201
345,L000346,RLRLARLAL,A*0201
346,L000347,RNLTHLESL,A*0201
347,L000348,RSFEGMVVA,A*0201
348,L000349,SASSFSSSA,A*0201
349,L000350,SLQTSYVFL,A*0201
350,L000351,SLRHLDLSN,A*0201
351,L000352,SLVSLTYVS,A*0201
352,L000353,SNASVSAPS,A*0201
353,L000354,SNHFLYLPR,A*0201
354,L000355,SPLVELILN,A*0201
355,L000356,SSAPFLASA,A*0201
356,L000357,SSFSSSAPF,A*0201
357,L000358,SYVFLGIVL,A*0201
358,L000359,TGNQLAVLP,A*0201
359,L000360,TLAELQGLP,A*0201
360,L000361,TSSASSFSS,A*0201
361,L000362,TWLKETEVV,A*0201
362,L000363,VCDCHMADM,A*0201
363,L000364,VFLDNNPWV,A*0201
364,L000365,VFLGIVLAL,A*0201
365,L000366,VLAQLPSLR,A*0201
366,L000367,VLLELNSAD,A*0201
367,L000368,VLPAGAFAR,A*0201
368,L000369,VLYLNRKGI,A*0201
369,L000370,VPTDLPAYV,A*0201
370,L000371,VQGKDRLTC,A*0201
371,L000372,YEINADPRL,A*0201
372,L000373,YLNRKGIKK,A*0201
373,L000374,GLPHIRVFL,A*0301
374,L000375,HMEGYHYRY,A*0301
375,L000376,LASNHFLYL,A*0301
376,L000377,LIGAIFLLV,A*0301
377,L000378,LLVLYLNRK,A*0301
378,L000379,LTYVSFRNL,A*0301
379,L000380,NNPWVCDCH,A*0301
380,L000381,RALQGLRRL,A*0301
381,L000382,RLARLALVL,A*0301
382,L000383,RLDEVRAGA,A*0301
383,L000384,RLRLARLAL,A*0301
384,L000385,SNHFLYLPR,A*0301
385,L000386,VLAQLPSLR,A*0301
386,L000387,VLPAGAFAR,A*0301
387,L000388,VLYLNRKGI,A*0301
388,L000389,VSLTYVSFR,A*0301
389,L000390,VVAALLAGR,A*0301
390,L000391,YLNRKGIKK,A*0301
391,L000392,YVSFRNLTH,A*0301
392,L000393,AALLAGRAL,B*0702
393,L000394,AARTVKCVN,B*0702
394,L000395,ADPRLTNLS,B*0702
395,L000396,APFLASAVS,B*0702
396,L000397,APSPLVELI,B*0702
397,L000398,ASVSAPSPL,B*0702
398,L000399,CVNRNLTEV,B*0702
399,L000400,DGRLRLARL,B*0702
400,L000401,GAFARRPPL,B*0702
401,L000402,GGCSRGPAA,B*0702
402,L000403,GLPHIRVFL,B*0702
403,L000404,LAELAALNL,B*0702
404,L000405,LALIGAIFL,B*0702
405,L000406,LAVLPAGAF,B*0702
406,L000407,LHNGTLAEL,B*0702
407,L000408,LLVLYLNRK,B*0702
408,L000409,LPAYVRNLF,B*0702
409,L000410,LPRDVLAQL,B*0702
410,L000411,LPSLRHLDL,B*0702
411,L000412,LPSLRQLDL,B*0702
412,L000413,LQGLRRLEL,B*0702
413,L000414,LSGSRLDEV,B*0702
414,L000415,LSNNSLVSL,B*0702
415,L000416,LTYVSFRNL,B*0702
416,L000417,PPLAELAAL,B*0702
417,L000418,RALQGLRRL,B*0702
418,L000419,RLARLALVL,B*0702
419,L000420,RLDEVRAGA,B*0702
420,L000421,RLRLARLAL,B*0702
421,L000422,SPTSSASSF,B*0702
422,L000423,SYVFLGIVL,B*0702
423,L000424,VLYLNRKGI,B*0702
424,L000425,VRAGAFEHL,B*0702
425,L000426,YLNRKGIKK,B*0702
426,L000427,YPEKMRNRV,B*0702
427,L000428,YVSFRNLTH,B*0702
428,L000429,ILKEGDLVKI,A2
429,L000430,CVNEIALSL,A2
430,L000431,TLLHYLVKV,A2
431,L000432,VLLEYLAFA,A2
432,L000433,KIMDQVQQA,A2
433,L000434,LLIDDKGTIKL,A2
434,L000435,ILIEHLYGL,A2
435,L000436,YLIELIDRV,A2
436,L000437,NLMEQPIKV,A2
437,L000438,FLAEDALNTV,A2
438,L000439,TLLNVIKSV,A2
439,L000440,ETRAEFAER,B8
440,L000441,KEIQRFLRK,B8
441,L000442,EIKKRFRQL,B8
442,L000443,TTEQHGARY,A1
443,L000444,ALGFCGHTV,A2
444,L000445,LLARYKGLNL,A2
445,L000446,LLLPRSDLAV,A2
446,L000447,RLFWVWLLV,A2
447,L000448,SLYWSHEAL,A2
448,L000449,WLLVAGTQGV,A2
449,L000450,ATNQGRVEI,A3
450,L000451,VEGDCQEMDL,A2
451,L000452,LLAPGGNSM,A*0201
452,L000453,SMYLPGAEV,A*0201
453,L000454,ALSPASSRSV,A*0201
454,L000455,FMACSPVAL,A*0201
455,L000456,AMFGYTVGTV,A*0201
456,L000457,KLLKTLAKV,A*0201
457,L000458,VLYSLVFVL,A*0201
458,L000459,RIADVIASL,A*0201
459,L000460,YLNHIEPLKI,A2
460,L000461,CMVYDLYKTL,A2
461,L000462,QLINNMLDKV,A2
462,L000463,GDKHWVFDEASLEPG,DRB1*0401 or DRB1*03011
463,L000464,ITSIVKDSSAARN,DRB1*0401 or DRB1*03011
464,L000465,AGYLMELCFA,A*0201
465,L000466,AGYLMELCV,A*0201
466,L000467,DAEALQRPV,B51
467,L000468,AEALQRPVA,B61
468,L000469,DAEALQRPV,B61
469,L000470,GDAEALQRPV,B61
470,L000471,HGDAEALQRPV,B61
471,L000472,AFHGDAEAL,Cw4
472,L000473,LTINKEEALQR,A68
473,L000474,TINKEEALQR,A68
474,L000475,INKEEALQRPV,B61
475,L000476,KEEALQRPV,B61
476,L000477,KEEALQRPVA,B61
477,L000478,PAEEEEDDLY,A1
478,L000479,TAKKVRRAI,B*0702
479,L000480,TAKKVRRAI,B*0801
